{"indexes":[{"v":{"$numberInt":"2"},"key":{"_id":{"$numberInt":"1"}},"name":"_id_"},{"v":{"$numberInt":"2"},"key":{"company_id":{"$numberInt":"1"}},"name":"company_id_1","unique":true},{"v":{"$numberInt":"2"},"key":{"contractor_id":{"$numberInt":"1"}},"name":"contractor_id_1"},{"v":{"$numberInt":"2"},"key":{"name":{"$numberInt":"1"}},"name":"name_1"},{"v":{"$numberInt":"2"},"key":{"city":{"$numberInt":"1"}},"name":"city_1"},{"v":{"$numberInt":"2"},"key":{"sector":{"$numberInt":"1"}},"name":"sector_1"}],"uuid":"8be7bb648eac4932b5c05e9a92a359df","collectionName":"contractors","type":"collection"}